Ticker;Sector;Industry;Category
MP;Basic Materials;Mining;Diversified Minerals
UUUU;Basic Materials;Mining;Non-Ferrous Metals
LAC;Basic Materials;Mining;Diversified Minerals
FCX;Basic Materials;Mining;Metal-Copper
AG;Basic Materials;Mining;Silver Mining
USAR;Basic Materials;Mining;Diversified Minerals
NAK;Basic Materials;Mining;Diversified Minerals
CRML;Basic Materials;Mining;Diversified Minerals
UAMY;Basic Materials;Mining;Non-Ferrous Metals
DNN;Basic Materials;Mining;Non-Ferrous Metals
B;Basic Materials;Mining;Gold Mining
TMC;Basic Materials;Mining;Metal-Diversified
VALE;Basic Materials;Iron/Steel;Metal-Iron
CLF;Basic Materials;Iron/Steel;Steel-Producers
UEC;Basic Materials;Mining;Non-Ferrous Metals
HL;Basic Materials;Mining;Precious Metals
TMQ;Basic Materials;Mining;Metal-Copper
ABAT;Basic Materials;Mining;Diversified Minerals
NEM;Basic Materials;Mining;Gold Mining
NB;Basic Materials;Mining;Diversified Minerals
DOW;Basic Materials;Chemicals;Chemicals-Diversified
NXE;Basic Materials;Mining;Non-Ferrous Metals
CCJ;Basic Materials;Mining;Non-Ferrous Metals
WWR;Basic Materials;Mining;Non-Ferrous Metals
AA;Basic Materials;Mining;Metal-Aluminum
BTG;Basic Materials;Mining;Gold Mining
EU;Basic Materials;Mining;Non-Ferrous Metals
PAAS;Basic Materials;Mining;Precious Metals
UROY;Basic Materials;Mining;Non-Ferrous Metals
ALB;Basic Materials;Chemicals;Chemicals-Specialty
CDE;Basic Materials;Mining;Precious Metals
PPTA;Basic Materials;Mining;Gold Mining
EXK;Basic Materials;Mining;Silver Mining
KGC;Basic Materials;Mining;Gold Mining
SBSW;Basic Materials;Mining;Platinum
SLI;Basic Materials;Mining;Diversified Minerals
EQX;Basic Materials;Mining;Gold Mining
OMEX;Basic Materials;Mining;Diversified Minerals
AEM;Basic Materials;Mining;Gold Mining
ERO;Basic Materials;Mining;Metal-Copper
CART;Communications;Internet;E-Commerce/Services
RUM;Communications;Internet;Internet Content-Info/Ne
W;Communications;Internet;E-Commerce/Products
SIRI;Communications;Media;Cable/Satellite TV
SE;Communications;Internet;E-Commerce/Products
BILI;Communications;Internet;Internet Content-Info/Ne
ROKU;Communications;Internet;Internet Content-Entmnt
CPNG;Communications;Internet;E-Commerce/Products
SPOT;Communications;Internet;Internet Content-Entmnt
CHWY;Communications;Internet;E-Commerce/Products
PSKY;Communications;Media;Broadcast Serv/Program
CRDO;Communications;Telecommunications;Telecommunication Equip
STUB;Communications;Internet;E-Commerce/Services
DASH;Communications;Internet;E-Commerce/Services
DBRG;Communications;Telecommunications;Telecom Services
ETSY;Communications;Internet;E-Commerce/Products
UPXI;Communications;Internet;E-Commerce/Products
ABNB;Communications;Internet;E-Commerce/Services
EBAY;Communications;Internet;E-Commerce/Products
GLW;Communications;Telecommunications;Telecom Eq Fiber Optics
LUMN;Communications;Telecommunications;Telephone-Integrated
CMCSA;Communications;Media;Cable/Satellite TV
ANET;Communications;Telecommunications;Networking Products
DIS;Communications;Media;Multimedia
FUBO;Communications;Internet;Internet Content-Info/Ne
PANW;Communications;Internet;Internet Security
RDDT;Communications;Internet;Internet Content-Entmnt
NOK;Communications;Telecommunications;Networking Products
DJT;Communications;Internet;Internet Content-Entmnt
PINS;Communications;Internet;Internet Content-Entmnt
SHOP;Communications;Internet;Internet Applic Sftwr
SERV;Communications;Internet;E-Commerce/Services
BIDU;Communications;Internet;Web Portals/ISP
TTD;Communications;Advertising;Advertising Services
T;Communications;Telecommunications;Telephone-Integrated
CSCO;Communications;Telecommunications;Networking Products
PDD;Communications;Internet;E-Commerce/Products
WBD;Communications;Media;Broadcast Serv/Program
GRAB;Communications;Internet;E-Commerce/Services
APP;Communications;Internet;E-Marketing/Info
LYFT;Communications;Internet;E-Commerce/Services
NFLX;Communications;Internet;Internet Content-Entmnt
UBER;Communications;Internet;E-Commerce/Services
VZ;Communications;Telecommunications;Telephone-Integrated
ASTS;Communications;Telecommunications;Satellite Telecom
APLD;Communications;Telecommunications;Telecom Services
JD;Communications;Internet;E-Commerce/Products
GOOG;Communications;Internet;Web Portals/ISP
HIMS;Communications;Internet;E-Commerce/Products
SNAP;Communications;Internet;Internet Content-Entmnt
AMZN;Communications;Internet;E-Commerce/Products
OPEN;Communications;Internet;E-Commerce/Services
META;Communications;Internet;Internet Content-Entmnt
HOOD;Communications;Internet;Internet Brokers
GOOGL;Communications;Internet;Web Portals/ISP
BABA;Communications;Internet;E-Commerce/Products
ANF;Consumer, Cyclical;Retail;Retail-Apparel/Shoe
AS;Consumer, Cyclical;Leisure Time;Athletic Equipment
BBWI;Consumer, Cyclical;Retail;Retail-Home Furnishings
WEN;Consumer, Cyclical;Retail;Retail-Restaurants
QXO;Consumer, Cyclical;Retail;Retail-Building Products
MGM;Consumer, Cyclical;Lodging;Casino Hotels
RACE;Consumer, Cyclical;Auto Manufacturers;Auto-Cars/Light Trucks
WRD;Consumer, Cyclical;Auto Parts&Equipment;Auto/Trk Prts&Equip-Orig
M;Consumer, Cyclical;Retail;Retail-Regnl Dept Store
LEVI;Consumer, Cyclical;Apparel;Apparel Manufacturers
WYNN;Consumer, Cyclical;Lodging;Casino Hotels
ARBE;Consumer, Cyclical;Auto Parts&Equipment;Auto/Trk Prts&Equip-Orig
GAP;Consumer, Cyclical;Retail;Retail-Apparel/Shoe
IRBT;Consumer, Cyclical;Home Furnishings;Appliances
FFAI;Consumer, Cyclical;Auto Manufacturers;Auto-Cars/Light Trucks
BROS;Consumer, Cyclical;Retail;Retail-Restaurants
AEO;Consumer, Cyclical;Retail;Retail-Apparel/Shoe
AUR;Consumer, Cyclical;Auto Parts&Equipment;Auto/Trk Prts&Equip-Orig
CZR;Consumer, Cyclical;Entertainment;Casino Services
MBLY;Consumer, Cyclical;Auto Parts&Equipment;Auto/Trk Prts&Equip-Orig
JBLU;Consumer, Cyclical;Airlines;Airlines
MCD;Consumer, Cyclical;Retail;Retail-Restaurants
CAVA;Consumer, Cyclical;Retail;Retail-Restaurants
VFC;Consumer, Cyclical;Apparel;Apparel Manufacturers
SG;Consumer, Cyclical;Retail;Retail-Restaurants
LVS;Consumer, Cyclical;Lodging;Casino Hotels
NCLH;Consumer, Cyclical;Leisure Time;Cruise Lines
XPEV;Consumer, Cyclical;Auto Manufacturers;Auto-Cars/Light Trucks
MVST;Consumer, Cyclical;Auto Parts&Equipment;Auto/Trk Prts&Equip-Orig
SLDP;Consumer, Cyclical;Auto Parts&Equipment;Auto/Trk Prts&Equip-Orig
LI;Consumer, Cyclical;Auto Manufacturers;Auto-Cars/Light Trucks
KSS;Consumer, Cyclical;Retail;Retail-Regnl Dept Store
SES;Consumer, Cyclical;Auto Parts&Equipment;Auto/Trk Prts&Equip-Orig
GM;Consumer, Cyclical;Auto Manufacturers;Auto-Cars/Light Trucks
DLTR;Consumer, Cyclical;Retail;Retail-Discount
LAZR;Consumer, Cyclical;Auto Parts&Equipment;Auto/Trk Prts&Equip-Orig
HD;Consumer, Cyclical;Retail;Retail-Building Products
LUV;Consumer, Cyclical;Airlines;Airlines
PONY;Consumer, Cyclical;Auto Parts&Equipment;Auto/Trk Prts&Equip-Orig
COST;Consumer, Cyclical;Retail;Retail-Discount
CVNA;Consumer, Cyclical;Retail;Retail-Automobile
LCID;Consumer, Cyclical;Auto Manufacturers;Auto-Cars/Light Trucks
PTON;Consumer, Cyclical;Leisure Time;Athletic Equipment
UAL;Consumer, Cyclical;Airlines;Airlines
CCL;Consumer, Cyclical;Leisure Time;Cruise Lines
SBUX;Consumer, Cyclical;Retail;Retail-Restaurants
AMC;Consumer, Cyclical;Entertainment;Theaters
TGT;Consumer, Cyclical;Retail;Retail-Discount
LULU;Consumer, Cyclical;Retail;Retail-Apparel/Shoe
DAL;Consumer, Cyclical;Airlines;Airlines
TSLA;Consumer, Cyclical;Auto Manufacturers;Auto-Cars/Light Trucks
NIO;Consumer, Cyclical;Auto Manufacturers;Auto-Cars/Light Trucks
QS;Consumer, Cyclical;Auto Parts&Equipment;Auto/Trk Prts&Equip-Orig
WMT;Consumer, Cyclical;Retail;Retail-Discount
AAL;Consumer, Cyclical;Airlines;Airlines
GME;Consumer, Cyclical;Retail;Retail-Misc/Diversified
DKNG;Consumer, Cyclical;Entertainment;Internet Gambling
F;Consumer, Cyclical;Auto Manufacturers;Auto-Cars/Light Trucks
NKE;Consumer, Cyclical;Apparel;Athletic Footwear
RIVN;Consumer, Cyclical;Auto Manufacturers;Auto-Cars/Light Trucks
CMG;Consumer, Cyclical;Retail;Retail-Restaurants
MDT;Consumer, Non-cyclical;Healthcare-Products;Medical Products
GDRX;Consumer, Non-cyclical;Pharmaceuticals;Medical-Whsle Drug Dist
HUM;Consumer, Non-cyclical;Healthcare-Services;Medical-HMO
PM;Consumer, Non-cyclical;Agriculture;Tobacco
CRSP;Consumer, Non-cyclical;Biotechnology;Medical-Biomedical/Gene
NTLA;Consumer, Non-cyclical;Biotechnology;Medical-Biomedical/Gene
SAVA;Consumer, Non-cyclical;Biotechnology;Medical-Biomedical/Gene
ACI;Consumer, Non-cyclical;Food;Food-Retail
NVAX;Consumer, Non-cyclical;Biotechnology;Medical-Biomedical/Gene
BSX;Consumer, Non-cyclical;Healthcare-Products;Medical Instruments
SRPT;Consumer, Non-cyclical;Biotechnology;Medical-Biomedical/Gene
ABT;Consumer, Non-cyclical;Healthcare-Products;Medical Products
QURE;Consumer, Non-cyclical;Pharmaceuticals;Medical-Drugs
KR;Consumer, Non-cyclical;Food;Food-Retail
MLTX;Consumer, Non-cyclical;Biotechnology;Medical-Biomedical/Gene
GILD;Consumer, Non-cyclical;Biotechnology;Medical-Biomedical/Gene
BFLY;Consumer, Non-cyclical;Healthcare-Products;Medical Products
MO;Consumer, Non-cyclical;Agriculture;Tobacco
TOST;Consumer, Non-cyclical;Commercial Services;Commercial Serv-Finance
RVPH;Consumer, Non-cyclical;Biotechnology;Medical-Biomedical/Gene
SLS;Consumer, Non-cyclical;Pharmaceuticals;Medical-Drugs
NAKA;Consumer, Non-cyclical;Healthcare-Services;Medical Labs&Testing Srv
STZ;Consumer, Non-cyclical;Beverages;Brewery
PG;Consumer, Non-cyclical;Cosmetics/Personal Care;Cosmetics&Toiletries
CVS;Consumer, Non-cyclical;Pharmaceuticals;Pharmacy Services
TEVA;Consumer, Non-cyclical;Pharmaceuticals;Medical-Generic Drugs
QSI;Consumer, Non-cyclical;Healthcare-Products;Diagnostic Equipment
CELH;Consumer, Non-cyclical;Beverages;Beverages-Non-alcoholic
VKTX;Consumer, Non-cyclical;Biotechnology;Medical-Biomedical/Gene
ABBV;Consumer, Non-cyclical;Pharmaceuticals;Medical-Drugs
KHC;Consumer, Non-cyclical;Food;Food-Misc/Diversified
CGC;Consumer, Non-cyclical;Pharmaceuticals;Medical-Drugs
CLOV;Consumer, Non-cyclical;Healthcare-Services;Medical-HMO
HTZ;Consumer, Non-cyclical;Commercial Services;Rental Auto/Equipment
MRK;Consumer, Non-cyclical;Pharmaceuticals;Medical-Drugs
BMY;Consumer, Non-cyclical;Pharmaceuticals;Medical-Drugs
TEM;Consumer, Non-cyclical;Healthcare-Products;Diagnostic Kits
AFRM;Consumer, Non-cyclical;Commercial Services;Commercial Serv-Finance
KDP;Consumer, Non-cyclical;Beverages;Beverages-Non-alcoholic
KO;Consumer, Non-cyclical;Beverages;Beverages-Non-alcoholic
JNJ;Consumer, Non-cyclical;Pharmaceuticals;Medical-Drugs
PEP;Consumer, Non-cyclical;Beverages;Beverages-Non-alcoholic
TDOC;Consumer, Non-cyclical;Healthcare-Services;Medical-Outptnt/Home Med
CNC;Consumer, Non-cyclical;Healthcare-Services;Medical-HMO
XYZ;Consumer, Non-cyclical;Commercial Services;Commercial Serv-Finance
RXRX;Consumer, Non-cyclical;Biotechnology;Medical-Biomedical/Gene
LLY;Consumer, Non-cyclical;Pharmaceuticals;Medical-Drugs
MRNA;Consumer, Non-cyclical;Biotechnology;Medical-Biomedical/Gene
NVO;Consumer, Non-cyclical;Pharmaceuticals;Medical-Drugs
OSCR;Consumer, Non-cyclical;Healthcare-Services;Medical-HMO
PFE;Consumer, Non-cyclical;Pharmaceuticals;Medical-Drugs
PYPL;Consumer, Non-cyclical;Commercial Services;Commercial Serv-Finance
TLRY;Consumer, Non-cyclical;Pharmaceuticals;Medical-Drugs
UNH;Consumer, Non-cyclical;Healthcare-Services;Medical-HMO
BYND;Consumer, Non-cyclical;Food;Food-Misc/Diversified
KVUE;Consumer, Non-cyclical;Cosmetics/Personal Care;Cosmetics&Toiletries
METC;Energy;Coal;Coal
TE;Energy;Energy-Alternate Sources;Energy-Alternate Sources
EPD;Energy;Pipelines;Pipelines
SEI;Energy;Oil&Gas Services;Oil-Field Services
SHLS;Energy;Energy-Alternate Sources;Energy-Alternate Sources
SEDG;Energy;Energy-Alternate Sources;Energy-Alternate Sources
BP;Energy;Oil&Gas;Oil Comp-Integrated
KMI;Energy;Pipelines;Pipelines
NFE;Energy;Pipelines;Pipelines
FCEL;Energy;Energy-Alternate Sources;Energy-Alternate Sources
COP;Energy;Oil&Gas;Oil Comp-Explor&Prodtn
DVN;Energy;Oil&Gas;Oil Comp-Explor&Prodtn
RIG;Energy;Oil&Gas;Oil&Gas Drilling
EQT;Energy;Oil&Gas;Oil Comp-Explor&Prodtn
NEXT;Energy;Pipelines;Pipelines
FLNC;Energy;Energy-Alternate Sources;Energy-Alternate Sources
VG;Energy;Pipelines;Pipelines
AREC;Energy;Coal;Coal
NKLR;Energy;Energy-Alternate Sources;Energy-Alternate Sources
PBR;Energy;Oil&Gas;Oil Comp-Integrated
CVX;Energy;Oil&Gas;Oil Comp-Integrated
BTU;Energy;Coal;Coal
HAL;Energy;Oil&Gas Services;Oil-Field Services
ASPI;Energy;Energy-Alternate Sources;Energy-Alternate Sources
RUN;Energy;Energy-Alternate Sources;Energy-Alternate Sources
SLB;Energy;Oil&Gas Services;Oil-Field Services
ENPH;Energy;Energy-Alternate Sources;Energy-Alternate Sources
FSLR;Energy;Energy-Alternate Sources;Energy-Alternate Sources
ET;Energy;Pipelines;Pipelines
SOC;Energy;Oil&Gas;Oil Comp-Explor&Prodtn
XOM;Energy;Oil&Gas;Oil Comp-Integrated
OXY;Energy;Oil&Gas;Oil Comp-Explor&Prodtn
EOSE;Energy;Energy-Alternate Sources;Energy-Alternate Sources
PLUG;Energy;Energy-Alternate Sources;Energy-Alternate Sources
SOFI;Financial;Diversified Finan Serv;Finance-Consumer Loans
MARA;Financial;Investment Companies;Investment Companies
IREN;Financial;Investment Companies;Investment Companies
BULL;Financial;Diversified Finan Serv;Finance-Invest Bnkr/Brkr
BMNR;Financial;Diversified Finan Serv;Finance-Other Services
WULF;Financial;Investment Companies;Investment Companies
CIFR;Financial;Investment Companies;Investment Companies
COIN;Financial;Diversified Finan Serv;Finance-Other Services
BITF;Financial;Investment Companies;Investment Companies
CLSK;Financial;Investment Companies;Investment Companies
RKT;Financial;Diversified Finan Serv;Finance-Mtge Loan/Banker
BAC;Financial;Banks;Diversified Banking Inst
CORZ;Financial;Investment Companies;Investment Companies
RIOT;Financial;Investment Companies;Investment Companies
CRCL;Financial;Diversified Finan Serv;Finance-Other Services
C;Financial;Banks;Diversified Banking Inst
JPM;Financial;Banks;Diversified Banking Inst
ASST;Financial;Diversified Finan Serv;Invest Mgmnt/Advis Serv
WFC;Financial;Banks;Super-Regional Banks-US
BTBT;Financial;Investment Companies;Investment Companies
UPST;Financial;Diversified Finan Serv;Finance-Consumer Loans
GLXY;Financial;Diversified Finan Serv;Finance-Invest Bnkr/Brkr
FHN;Financial;Banks;Commer Banks-Southern US
HUT;Financial;Investment Companies;Investment Companies
HIVE;Financial;Investment Companies;Investment Companies
GS;Financial;Banks;Diversified Banking Inst
BTDR;Financial;Investment Companies;Investment Companies
NU;Financial;Banks;Commer Banks Non-US
MS;Financial;Banks;Diversified Banking Inst
AGNC;Financial;REITS;REITS-Mortgage
SCHW;Financial;Diversified Finan Serv;Finance-Invest Bnkr/Brkr
MPW;Financial;REITS;REITS-Health Care
OWL;Financial;Diversified Finan Serv;Invest Mgmnt/Advis Serv
TIGR;Financial;Diversified Finan Serv;Finance-Invest Bnkr/Brkr
LMND;Financial;Insurance;Property/Casualty Ins
V;Financial;Diversified Finan Serv;Finance-Credit Card
JEF;Financial;Diversified Finan Serv;Finance-Invest Bnkr/Brkr
COF;Financial;Diversified Finan Serv;Finance-Credit Card
AXP;Financial;Diversified Finan Serv;Finance-Credit Card
GGAL;Financial;Banks;Commer Banks Non-US
LDI;Financial;Diversified Finan Serv;Finance-Mtge Loan/Banker
ORBS;Financial;Diversified Finan Serv;Finance-Other Services
IBKR;Financial;Diversified Finan Serv;Finance-Invest Bnkr/Brkr
ABR;Financial;REITS;REITS-Mortgage
USB;Financial;Banks;Super-Regional Banks-US
NLY;Financial;REITS;REITS-Mortgage
BX;Financial;Private Equity;Private Equity
CMA;Financial;Banks;Super-Regional Banks-US
APO;Financial;Diversified Finan Serv;Invest Mgmnt/Advis Serv
KKR;Financial;Private Equity;Private Equity
FUTU;Financial;Diversified Finan Serv;Finance-Invest Bnkr/Brkr
IVZ;Financial;Diversified Finan Serv;Invest Mgmnt/Advis Serv
CSX;Industrial;Transportation;Transport-Rail
HON;Industrial;Electronics;Instruments-Controls
KTOS;Industrial;Aerospace/Defense;Aerospace/Defense
GE;Industrial;Aerospace/Defense;Aerospace/Defense-Equip
AMPX;Industrial;Aerospace/Defense;Aerospace/Defense-Equip
CLS;Industrial;Electronics;Electronic Compo-Misc
PCT;Industrial;Environmental Control;Recycling
FLR;Industrial;Engineering&Construction;Engineering/R&D Services
AAOI;Industrial;Electronics;Electronic Compo-Misc
KOPN;Industrial;Electronics;Electronic Compo-Misc
GEV;Industrial;Machinery-Constr&Mining;Machinery-Electric Util
ZIM;Industrial;Transportation;Transport-Marine
SYM;Industrial;Machinery-Diversified;Industrial Automat/Robot
RDW;Industrial;Aerospace/Defense;Aerospace/Defense
CAT;Industrial;Machinery-Constr&Mining;Machinery-Constr&Mining
SPCE;Industrial;Aerospace/Defense;Aerospace/Defense
ENVX;Industrial;Electronics;Electronic Compo-Misc
NNE;Industrial;Machinery-Constr&Mining;Machinery-Electric Util
LUNR;Industrial;Aerospace/Defense;Aerospace/Defense
RCAT;Industrial;Aerospace/Defense;Aerospace/Defense-Equip
UPS;Industrial;Transportation;Transport-Services
VRT;Industrial;Machinery-Constr&Mining;Machinery-Electric Util
BE;Industrial;Machinery-Constr&Mining;Machinery-Electric Util
JOBY;Industrial;Aerospace/Defense;Aerospace/Defense
RR;Industrial;Machinery-Diversified;Industrial Automat/Robot
BA;Industrial;Aerospace/Defense;Aerospace/Defense
ONDS;Industrial;Aerospace/Defense;Aerospace/Defense
SMR;Industrial;Machinery-Constr&Mining;Machinery-Electric Util
RKLB;Industrial;Aerospace/Defense;Aerospace/Defense
ACHR;Industrial;Aerospace/Defense;Aerospace/Defense
NVDA;Technology;Semiconductors;Electronic Compo-Semicon
AMD;Technology;Semiconductors;Electronic Compo-Semicon
AAPL;Technology;Computers;Computers
INTC;Technology;Semiconductors;Electronic Compo-Semicon
PLTR;Technology;Software;Enterprise Software/Serv
MSTR;Technology;Software;Enterprise Software/Serv
RGTI;Technology;Computers;Computers
SMCI;Technology;Computers;Computers-Integrated Sys
CRWV;Technology;Software;Computer Software
ORCL;Technology;Software;Enterprise Software/Serv
SOUN;Technology;Software;Applications Software
MSFT;Technology;Software;Applications Software
AVGO;Technology;Semiconductors;Electronic Compo-Semicon
MU;Technology;Semiconductors;Electronic Compo-Semicon
TSM;Technology;Semiconductors;Semicon Compo-Intg Circu
POET;Technology;Semiconductors;Electronic Compo-Semicon
BBAI;Technology;Software;Enterprise Software/Serv
QUBT;Technology;Software;Applications Software
PATH;Technology;Software;Enterprise Software/Serv
QBTS;Technology;Computers;Computers
LAES;Technology;Semiconductors;Electronic Compo-Semicon
NVTS;Technology;Semiconductors;Electronic Compo-Semicon
ARM;Technology;Semiconductors;Electronic Compo-Semicon
IONQ;Technology;Software;Computer Software
AI;Technology;Software;Computer Software
NBIS;Technology;Software;Computer Software
FIG;Technology;Software;Computer Graphics
MRVL;Technology;Semiconductors;Electronic Compo-Semicon
CRM;Technology;Software;Enterprise Software/Serv
SBET;Technology;Software;Entertainment Software
HPE;Technology;Computers;Computers
U;Technology;Software;Entertainment Software
DELL;Technology;Computers;Computers
QCOM;Technology;Semiconductors;Semicon Compo-Intg Circu
CAN;Technology;Semiconductors;Electronic Compo-Semicon
SNOW;Technology;Software;Computer Software
RBLX;Technology;Software;Entertainment Software
ADBE;Technology;Software;Electronic Forms
AMAT;Technology;Semiconductors;Semiconductor Equipment
LRCX;Technology;Semiconductors;Semiconductor Equipment
IBM;Technology;Computers;Computer Services
ALAB;Technology;Semiconductors;Semiconductor Equipment
ZETA;Technology;Software;Applications Software
BB;Technology;Computers;Computer Data Security
WDC;Technology;Computers;Computers-Memory Devices
PL;Technology;Software;Enterprise Software/Serv
CRWD;Technology;Computers;Computer Data Security
RZLV;Technology;Software;Applications Software
ASML;Technology;Semiconductors;Semiconductor Equipment
SNDK;Technology;Computers;Computers-Memory Devices
GRRR;Technology;Computers;Computer Services
DUOL;Technology;Software;Educational Software
TWLO;Technology;Software;Computer Software
ZM;Technology;Software;Communications Software
DOCN;Technology;Software;Applications Software
TEAM;Technology;Software;Enterprise Software/Serv
AMKR;Technology;Semiconductors;Electronic Compo-Semicon
NOW;Technology;Software;Applications Software
DOCU;Technology;Software;Data Processing/Mgmt
MDB;Technology;Software;Computer Software
GEMI;Technology;Software;Applications Software
VERI;Technology;Software;Computer Software
PGY;Technology;Software;Enterprise Software/Serv
FTNT;Technology;Computers;Computer Data Security
ACN;Technology;Computers;Computer Services
HPQ;Technology;Computers;Computers
DPRO;Technology;Computers;Computers-Other
OKTA;Technology;Computers;Computer Data Security
STX;Technology;Computers;Computers-Memory Devices
GTLB;Technology;Software;Applications Software
TXN;Technology;Semiconductors;Electronic Compo-Semicon
CFLT;Technology;Software;Applications Software
FI;Technology;Software;Data Processing/Mgmt
ON;Technology;Semiconductors;Electronic Compo-Semicon
DDOG;Technology;Software;Computer Software
BLSH;Technology;Software;Applications Software
TAC;Utilities;Electric;Electric-Generation
CEG;Utilities;Electric;Electric-Generation
AES;Utilities;Electric;Electric-Integrated
VST;Utilities;Electric;Independ Power Producer
NEE;Utilities;Electric;Electric-Integrated
PCG;Utilities;Electric;Electric-Integrated
OKLO;Utilities;Electric;Electric-Generation